timestamp,task,variant,threads,time_ms,base_ws_mb,peak_ws_mb,peak_private_mb,negative,zero,positive,total,check,notes
2026-10-04T16:33:31,1b,lock,16,10630.87,217.64,217.69,200.43,25007776,22,24992202,50000000,OK,
2026-10-04T16:33:32,1b,local,16,55.97,217.64,217.84,200.45,25007776,22,24992202,50000000,OK,
2026-10-04T16:33:35,1b,interlocked,16,1056.59,217.62,217.85,200.45,25007776,22,24992202,50000000,OK,
2026-10-04T16:34:17,1b,lock,16,10260.76,217.63,217.68,200.44,25007776,22,24992202,50000000,OK,
2026-10-04T16:34:18,1b,local,16,77.43,217.68,217.81,200.50,25007776,22,24992202,50000000,OK,
2026-10-04T16:34:20,1b,interlocked,16,1056.33,217.68,217.92,200.57,25007776,22,24992202,50000000,OK,
2026-10-04T16:35:02,1b,lock,16,9470.27,217.64,217.68,200.40,25007776,22,24992202,50000000,OK,
2026-10-04T16:35:03,1b,local,16,94.76,217.64,217.85,200.47,25007776,22,24992202,50000000,OK,
2026-10-04T16:35:06,1b,interlocked,16,1086.49,217.64,217.89,200.50,25007776,22,24992202,50000000,OK,
2026-10-04T16:35:38,1b,unsync,16,328.84,218.14,218.37,200.99,3579384,22,3625773,7205179,WRONG,
2026-10-04T16:35:39,1b,unsync,16,291.41,217.64,217.90,200.49,3899790,22,3988143,7887955,WRONG,
2026-10-04T16:35:41,1b,unsync,16,302.50,217.64,217.88,200.47,4726689,22,4799899,9526610,WRONG,
